id,title,description,release_year,age_certification,runtime,genres,production_country,seasons
1,"out eaves yard","Numquam magni ut doloribus veniam molestias nostrum.",2012,"6",106,"Sci-Fi","MZ",1
2,"adopt worth unibody","Molestias eius iste nihil nesciunt distinctio.",2010,"A",178,"Action|Horror","YT",6
3,"gosh far ick","Consectetur quam animi nihil maxime.",2008,"R18+",160,"Drama|Horror|Drama","BH",9
4,"for than sometimes","Exercitationem ipsam architecto repudiandae veritatis.",2002,"PG",174,"Comedy|Comedy","AT",7
5,"dehumanise energetically what","Quo illo aspernatur laborum facere ratione similique veritatis minima dolorum.",2005,"GP",139,"Drama|Drama|Drama","DZ",5
6,"if worthwhile kneecap","Perferendis beatae eum ea inventore nemo eius.",2007,"C",108,"Drama|Comedy","GB",6
7,"whether but smoothly","Voluptatum necessitatibus architecto praesentium rerum placeat rem similique voluptate.",2006,"15",65,"Comedy","EH",8
8,"coolly reporting pickle","Repellat ipsam eligendi fugiat pariatur.",2013,"E",136,"Comedy|Sci-Fi","TJ",9
9,"sorrowful lost vigorous","Delectus perferendis molestias vero.",2002,"TV-PG",157,"Action|Sci-Fi","BD",10
10,"stigmatize consideration opening","Tempora sunt ad aperiam molestiae.",2020,"M",127,"Sci-Fi|Sci-Fi|Comedy","AS",6
11,"on with this","Tempore officiis iste repellendus debitis explicabo sapiente.",2021,"R21",80,"Horror","PF",3
12,"whoever warmly immediately","Debitis officiis cupiditate labore pariatur reiciendis corporis fugiat perspiciatis.",1996,"X18",104,"Comedy|Drama|Comedy","IQ",4
13,"whoa inasmuch reboot","Earum nam harum.",2023,"18R",86,"Horror|Sci-Fi","DK",10
14,"besides considering sandwich","Rerum praesentium amet excepturi libero ducimus dicta.",2007,"TV-Y",69,"Horror|Sci-Fi|Sci-Fi","BB",1
15,"unrealistic heir buckle","Soluta sint praesentium voluptate odio recusandae ratione itaque pariatur aut.",1994,"PG",68,"Sci-Fi","TV",9
16,"minor hatchling positive","Earum maxime accusantium odit alias laboriosam necessitatibus optio aut culpa.",2017,"R16",62,"Drama|Horror|Horror","AO",4
17,"denude compulsion chronometer","Sit expedita accusantium dolores maxime iure.",2004,"15",143,"Action","CX",4
18,"mend curiously coordinated","Adipisci earum atque non id sapiente aut.",2010,"R21",79,"Drama|Horror|Action","TW",2
19,"plunder hall zealous","Iure distinctio facilis maxime voluptatum voluptatibus.",1994,"PG-13",117,"Drama","ET",2
20,"bouquet pfft abaft","Animi explicabo libero iste inventore aspernatur.",2022,"R18+",144,"Drama|Sci-Fi|Drama","VU",6
21,"because aw or","Assumenda iste non ducimus autem neque veritatis quo aspernatur.",2021,"NC-17",120,"Drama|Comedy|Horror","BE",2
22,"minus save tender","Laboriosam officia nostrum inventore quos officia illo.",2013,"R18+",162,"Comedy|Horror|Comedy","JM",4
23,"information when provided","Nostrum exercitationem esse consequuntur dolor.",2014,"12A",123,"Sci-Fi","IQ",10
24,"assist above adept","Officia maiores quibusdam.",1993,"TV-Y7",101,"Comedy|Comedy|Comedy","JO",10
25,"pfft geez indeed","Aperiam architecto fugiat eligendi maxime voluptate.",2006,"TV-MA",171,"Horror|Comedy|Horror","AI",4
26,"viciously yahoo unless","Tenetur molestiae eligendi quas ullam voluptatibus.",2017,"TV-G",75,"Sci-Fi|Drama|Action","MR",4
27,"however all astride","Praesentium quia maiores quidem non fugiat recusandae enim rem mollitia.",2006,"R18+",110,"Horror","QA",1
28,"happily aching imperturbable","Accusantium iure in aspernatur.",2020,"TV-PG",146,"Horror|Drama|Horror","GR",6
29,"between um finished","Dolorum omnis vero.",1998,"TV-Y7",93,"Drama|Sci-Fi|Drama","KY",9
30,"ick arrest lest","Vitae reiciendis beatae ullam earum.",2015,"U",149,"Comedy","PW",2
31,"eventually rope lest","Nesciunt officiis consectetur suscipit recusandae totam.",2007,"TV-Y7",131,"Action","HT",7
32,"although multicolored chinchilla","Tenetur quaerat dicta atque soluta distinctio.",2009,"S",138,"Drama","KP",1
33,"fluffy forenenst border","Alias eaque provident recusandae nemo.",2016,"R21",122,"Comedy","MM",8
34,"leafy scary drat","Eaque voluptatum facilis excepturi error provident.",2010,"MA15+",164,"Sci-Fi|Drama|Drama","MV",10
35,"failing an yet","Laboriosam reiciendis dolores exercitationem maxime.",2003,"NC-17",125,"Action|Sci-Fi","NU",5
36,"aspire coyote unless","Nemo saepe accusantium quas aliquam repellat dicta neque porro.",2001,"R18",129,"Comedy|Action","AR",6
37,"earmuffs instantly with","Fugit incidunt voluptates sapiente culpa aut cum reprehenderit illum.",1998,"PG",171,"Horror","ZA",9
38,"concuss profile picket","Maxime suscipit consequatur amet.",2004,"TV-PG",125,"Horror|Sci-Fi","GF",10
39,"ugh misbehave woot","Accusamus error laborum assumenda.",2006,"E",91,"Comedy|Horror","BE",3
40,"reap fast waver","Inventore ipsa adipisci.",1996,"C",112,"Action|Comedy|Comedy","HM",10
41,"radar provided hmph","Numquam dignissimos deleniti labore in possimus.",2012,"TV-14",176,"Comedy|Drama","VC",5
42,"urgently instructive whoever","Illo dolor praesentium earum doloremque ipsam sit nisi molestiae.",1999,"9",109,"Drama|Action","MG",4
43,"however aside than","Odio necessitatibus labore laborum repudiandae.",2013,"R",101,"Comedy|Comedy|Drama","NR",9
44,"slip that yet","Blanditiis nesciunt pariatur quod accusantium deleniti enim veritatis laboriosam.",2020,"GP",67,"Sci-Fi","MU",2
45,"farm pounce ample","Magnam accusamus temporibus dolorum.",2007,"PG",150,"Drama|Sci-Fi","LV",3
46,"um which questioningly","Dolorum soluta quod.",1996,"E10+",147,"Sci-Fi|Comedy|Horror","HT",8
47,"for misapply whether","Quo corporis rerum doloribus dignissimos aliquid provident delectus itaque aperiam.",2000,"M/PG",122,"Action|Drama|Action","JM",4
48,"since what derive","Id hic incidunt sapiente placeat aspernatur amet soluta eaque magni.",1997,"R18",87,"Comedy","DK",8
49,"upright shyly yum","Sed maiores soluta exercitationem.",2001,"E",98,"Horror","CL",5
50,"unbearably huzzah honestly","Vitae error aperiam cumque minus dolorum laudantium illum.",2007,"M/PG",82,"Action|Drama","SV",2
51,"faithfully greedily correctly","Suscipit neque dignissimos aperiam perferendis modi odio libero ad.",1999,"12A",159,"Horror|Horror","MS",6
52,"so brr mechanically","Voluptatem vitae nemo laboriosam doloremque cum eius nobis.",1994,"M",170,"Drama","LC",6
53,"until yippee cenotaph","Mollitia maxime ipsum explicabo inventore enim aliquid ipsa assumenda dolorum.",2015,"CA",79,"Action","CI",1
54,"though wholly voluntarily","Quia rerum asperiores ea dolore nostrum.",2017,"NC-17",179,"Action","SR",4
55,"proper beg expectation","Iusto temporibus ea minima numquam pariatur sequi veniam ipsum.",2005,"M",87,"Horror|Comedy","CU",9
56,"manor hungry worth","Molestiae nesciunt omnis aliquam quas omnis amet.",1994,"AL",113,"Action","BR",1
57,"transplant um gee","Perferendis amet eius minima.",2013,"C",174,"Horror|Sci-Fi","YE",6
58,"contraindicate as edible","Cupiditate quod ipsam voluptatibus voluptas porro autem quidem sequi illum.",2018,"R16",138,"Drama","ET",1
59,"among wherever spike","Ea doloribus dolorum.",2021,"U",161,"Action","BB",4
60,"that yuck despite","Doloremque nam qui fugit necessitatibus explicabo expedita est.",2012,"PG-13",165,"Horror|Horror","JE",3
61,"er aromatic pour","Aliquid harum maiores modi eius sapiente porro consequatur cumque sapiente.",1993,"TV-Y",87,"Comedy|Drama","MV",8
62,"outside busy coke","Fuga dolorem quibusdam distinctio optio dicta illo eveniet repudiandae.",2015,"TV-Y",176,"Drama","GY",7
63,"for promptly jealously","Excepturi eum occaecati.",2013,"TV-MA",92,"Horror|Action|Comedy","LU",4
64,"absent book cornflakes","Necessitatibus esse voluptatibus sed enim dolorem quia quos id numquam.",1994,"PG-13",128,"Drama|Comedy|Action","FI",4
65,"major whoa drat","Impedit commodi repudiandae dicta distinctio sed sint.",2021,"6",110,"Action","CL",6
66,"splice unless supposing","Ipsum deserunt dolorem ad praesentium quis.",2008,"TV-14",106,"Sci-Fi","GN",3
67,"unfortunately now apud","Sint nesciunt adipisci consequuntur aspernatur blanditiis cumque.",2007,"R18",123,"Drama|Comedy|Drama","PE",8
68,"target joyous curvy","Possimus quia iste impedit accusamus sapiente.",2007,"18R",154,"Action","MM",5
69,"boohoo overvalue nor","Nostrum debitis quaerat vel illo.",2019,"U",76,"Horror","WS",3
70,"monthly utterly dutiful","Sapiente aliquid nostrum repellat consequatur vero illo debitis modi perferendis.",2011,"CA",129,"Comedy|Comedy","IN",7
71,"coax gosh fawn","Quam consequatur culpa nulla in nemo.",2022,"GP",139,"Action","MM",5
72,"decriminalise er times","Quas eos cumque.",2018,"CA",160,"Comedy|Horror","MY",10
73,"psst by convert","Reiciendis neque voluptates.",1995,"TV-Y",135,"Horror|Horror|Horror","TM",8
74,"absent scared bonus","Nesciunt iusto expedita voluptate soluta.",2023,"TV-G",68,"Sci-Fi|Comedy|Sci-Fi","LR",3
75,"mmm apud anenst","Debitis nulla dolore nemo blanditiis magnam placeat.",1998,"TV-Y7",154,"Drama|Drama","AW",2
76,"anxiously youthfully bead","Alias odit repellendus id error repellat nam.",1999,"TV-Y",68,"Drama|Drama|Action","TV",3
77,"qua dictaphone thorough","Vero ab soluta ut illum ex placeat cum fugit.",1997,"CA",132,"Action|Horror","AT",4
78,"starry oh questioningly","Cupiditate placeat tenetur adipisci soluta maxime voluptatibus facere ullam explicabo.",2015,"12",160,"Action|Horror|Drama","GP",8
79,"mmm back however","Voluptatum nisi ea illum quasi.",2013,"GP",151,"Drama","AF",5
80,"wisteria secrete the","Illo exercitationem neque.",2004,"TV-G",136,"Action|Comedy|Sci-Fi","PT",3
81,"hopelessly nearly instead","Porro dolorem a necessitatibus.",2009,"CA",97,"Sci-Fi|Action","BA",10
82,"majestically times ouch","Praesentium corporis sint quo iure ex veniam neque.",2006,"TV-PG",162,"Action","MC",7
83,"sigh resound whereas","Unde cum voluptatibus facilis.",2021,"R18",65,"Sci-Fi|Horror|Horror","CH",9
84,"inquisitively hm thin","Dolores iusto qui illo quos quidem ratione quae.",1996,"R21",172,"Drama|Horror|Horror","BL",4
85,"but styling about","Earum autem consequatur ex ut amet similique.",2001,"TV-PG",158,"Drama|Action|Action","LI",10
86,"different justly great","Nulla et itaque cum accusamus accusantium nostrum accusantium eum.",2014,"T",71,"Horror","MQ",6
87,"raiment newspaper onto","Neque quaerat quae.",2018,"18R",120,"Horror","KH",9
88,"that who abandoned","Iste culpa perspiciatis accusantium minima enim exercitationem fugiat maiores quasi.",2020,"U",179,"Sci-Fi|Drama|Horror","CN",2
89,"reproachfully midst occasional","Corporis fugiat doloribus odio.",2014,"TV-MA",95,"Sci-Fi|Sci-Fi|Sci-Fi","NR",9
90,"stump vivaciously candid","Repellat adipisci sapiente veniam iusto suscipit maxime amet.",2010,"CA",167,"Comedy","MZ",7
91,"um tyrannise wrongly","Quos cupiditate libero.",2009,"18",109,"Comedy|Sci-Fi","SJ",3
92,"throughout urban limply","Eaque quae porro.",2021,"U/A",85,"Drama|Action|Comedy","MU",1
93,"well-documented nor derrick","Cupiditate aperiam illum eius soluta aliquam.",1993,"12",175,"Drama","BM",5
94,"blah out lucky","Perferendis tempora rem beatae illo.",2017,"12A",171,"Horror|Comedy|Horror","SB",5
95,"sanction advance lands","Praesentium enim ad nam quas quae maxime eveniet.",1995,"TV-Y7",160,"Horror","FI",4
96,"throughout plane modulo","Cupiditate iure ipsam nobis consequuntur ullam fugit id.",2003,"A",124,"Drama|Comedy","KH",4
97,"what wildly cellar","Quo magnam ratione optio deserunt totam quisquam quasi.",2015,"PG",78,"Action|Action|Drama","ZM",1
98,"eschew abut amid","Adipisci doloremque exercitationem cum esse illum voluptatibus perferendis quod.",2007,"12",71,"Horror|Sci-Fi|Comedy","FJ",9
99,"punctually supposing oof","Porro natus ipsum temporibus perferendis placeat dignissimos beatae a.",2019,"M",148,"Drama|Action","TH",1
100,"comfort phew where","Quas sequi odit temporibus optio.",2011,"MA15+",162,"Comedy|Drama","VA",2
101,"an unimpressively titter","Eaque consequuntur voluptas libero facere officia assumenda necessitatibus vel.",1994,"E",95,"Horror|Action|Horror","PE",1
102,"tabby strict past","Iste ipsam debitis sint.",2011,"S",140,"Horror|Comedy","BH",4
103,"sympathetically hence decimate","Consectetur accusamus laborum ut.",2004,"R18",151,"Action|Horror","YE",3
104,"garden which speaking","Exercitationem voluptate consequatur aperiam assumenda facere tenetur.",2008,"TV-G",161,"Sci-Fi|Sci-Fi","MU",6
105,"superb fooey complaint","Eligendi optio ratione dolor expedita dolorum enim laborum dicta voluptatem.",2023,"U",61,"Action","GR",3
106,"garden oh playwright","Doloribus laboriosam ex natus fuga eveniet asperiores iste rerum.",2022,"R18",167,"Sci-Fi","SY",8
107,"meanwhile lively symmetry","Iure nulla pariatur vitae ex quibusdam nam unde ea sunt.",2009,"TV-G",147,"Horror","SJ",8
108,"until kaleidoscopic shellac","Laborum qui porro ex repudiandae itaque minus.",1999,"S",142,"Action|Drama|Horror","TW",3
109,"brr along circa","Minus voluptatibus odio deserunt.",2022,"E",138,"Sci-Fi|Horror","SO",7
110,"reluctantly secret lustrous","Enim nobis occaecati.",2002,"TV-G",116,"Drama|Action","TJ",9
111,"properly lest suspend","Nobis sequi numquam placeat maiores expedita itaque veniam.",2023,"R21",155,"Sci-Fi|Action","BS",5
112,"woefully drat till","Nemo eius animi cupiditate doloribus nisi accusamus quisquam id.",1995,"6",78,"Horror","TT",1
113,"scarcely over so","Sunt quibusdam cum sapiente at reiciendis.",2002,"PG",89,"Horror|Horror|Comedy","TN",1
114,"marriage except tell","Minus ut sint omnis fugiat.",2020,"S",84,"Drama","FI",7
115,"snivel likewise stump","Cumque maiores quod delectus vel.",2002,"PG-13",61,"Comedy|Horror","TG",9
116,"consume victoriously around","Voluptas itaque omnis ex tempora ipsam laudantium animi minima ratione.",2009,"12A",140,"Sci-Fi|Action|Action","LS",7
117,"um snappy deck","Facere eaque iste.",2022,"C",116,"Drama|Action","FR",4
118,"ham afterwards which","Fugiat expedita voluptatem velit nisi neque architecto consequatur dolore.",2017,"GP",154,"Horror","UA",2
119,"roger misreading napkin","Recusandae iure praesentium non explicabo necessitatibus minima sit aperiam.",2013,"PG",88,"Drama","MS",7
120,"fountain inside glean","Illum exercitationem in.",2010,"CA",164,"Sci-Fi|Action","MR",4
121,"since willfully zowie","Deleniti quo doloribus alias qui.",2014,"TV-MA",175,"Sci-Fi|Comedy","QA",10
122,"supposing truly strengthen","Reiciendis vero voluptatibus.",2014,"U/A",145,"Sci-Fi|Horror|Action","BE",9
123,"excluding inasmuch assumption","Saepe reiciendis earum est libero rem natus mollitia a.",1999,"18R",136,"Comedy|Sci-Fi|Horror","PG",1
124,"considering fooey once","Explicabo dolores officia sed ut modi voluptates.",2005,"U/A",141,"Sci-Fi","SE",8
125,"brand psst near","Magnam ipsa ipsum necessitatibus deleniti odio nesciunt.",2009,"T",99,"Action|Comedy","FM",3
126,"off regarding construction","Unde tempore nostrum laboriosam.",2021,"R",63,"Comedy|Comedy|Comedy","SH",7
127,"outlive limply zowie","Placeat repellendus esse aspernatur praesentium possimus officiis dolore.",2002,"A",68,"Sci-Fi","BO",5
128,"sheepishly plus gently","Placeat animi maiores quam nemo soluta perspiciatis harum reprehenderit illum.",1995,"9",160,"Action|Drama|Horror","BR",9
129,"by stealth as","Esse ullam sapiente qui ut.",2023,"TV-Y7",179,"Horror","RO",2
130,"vital safe elastic","Doloribus iusto qui modi quae fuga.",2023,"AL",152,"Drama","BS",7